num_topics,coherence
5,0.3487503644878671
7,0.33530584192930984
10,0.3043754155495815
12,0.31012510939895693
15,0.28559893579070306
